Step;Cell 1;Cell 2;Cell 3;Cell 4;Cell 5;Cell 6;Cell 7;Cell 8;Cell 9;Cell 10
1;0.17777777777777778;0.066666666666666652;0.066666666666666652;0.17777777777777778;0.066666666666666652;0.066666666666666652;0.17777777777777778;0.066666666666666652;0.066666666666666652;0.066666666666666652
2;0.066666666666666652;0.066666666666666652;0.066666666666666652;0.17777777777777778;0.066666666666666652;0.066666666666666652;0.17777777777777778;0.066666666666666652;0.066666666666666652;0.17777777777777778
3;0.10434782608695652;0.039130434782608685;0.039130434782608685;0.27826086956521739;0.039130434782608685;0.039130434782608685;0.27826086956521739;0.039130434782608685;0.039130434782608685;0.10434782608695653
4;0.27826086956521739;0.039130434782608685;0.039130434782608685;0.10434782608695653;0.10434782608695652;0.039130434782608685;0.039130434782608685;0.27826086956521739;0.039130434782608685;0.039130434782608685
5;0.11377777777777777;0.055999999999999987;0.055999999999999987;0.042666666666666665;0.14933333333333332;0.055999999999999987;0.015999999999999993;0.39822222222222226;0.055999999999999987;0.055999999999999987
