Step;Cell 1;Cell 2;Cell 3;Cell 4;Cell 5;Cell 6;Cell 7;Cell 8;Cell 9;Cell 10
1;0.2105263157894737;0.052631578947368404;0.052631578947368404;0.2105263157894737;0.052631578947368404;0.052631578947368404;0.2105263157894737;0.052631578947368404;0.052631578947368404;0.052631578947368404
2;0.052631578947368418;0.052631578947368418;0.052631578947368418;0.21052631578947376;0.052631578947368418;0.052631578947368418;0.21052631578947376;0.052631578947368418;0.052631578947368418;0.21052631578947376
3;0.086956521739130418;0.021739130434782594;0.021739130434782594;0.34782608695652184;0.021739130434782594;0.021739130434782594;0.34782608695652184;0.021739130434782594;0.021739130434782594;0.086956521739130432
4;0.34782608695652184;0.021739130434782594;0.021739130434782594;0.086956521739130432;0.086956521739130418;0.021739130434782594;0.021739130434782594;0.34782608695652184;0.021739130434782594;0.021739130434782594
5;0.2016806722689076;0.029411764705882332;0.029411764705882332;0.050420168067226885;0.11764705882352937;0.029411764705882332;0.012605042016806713;0.47058823529411775;0.029411764705882332;0.029411764705882332
